-- phpMyAdmin SQL Dump
-- version 4.8.5
-- https://www.phpmyadmin.net/
--
-- Host: 127.0.0.1
-- Generation Time: Jul 01, 2019 at 05:07 AM
-- Server version: 10.1.38-MariaDB
-- PHP Version: 5.6.40

SET SQL_MODE = "NO_AUTO_VALUE_ON_ZERO";
SET AUTOCOMMIT = 0;
START TRANSACTION;
SET time_zone = "+00:00";


/*!40101 SET @OLD_CHARACTER_SET_CLIENT=@@CHARACTER_SET_CLIENT */;
/*!40101 SET @OLD_CHARACTER_SET_RESULTS=@@CHARACTER_SET_RESULTS */;
/*!40101 SET @OLD_COLLATION_CONNECTION=@@COLLATION_CONNECTION */;
/*!40101 SET NAMES utf8mb4 */;

--
-- Database: `condominium-management`
--

-- --------------------------------------------------------

--
-- Table structure for table `contract_room`
--

CREATE TABLE `contract_room` (
  `contract_no` int(5) UNSIGNED ZEROFILL NOT NULL,
  `customer_id` int(3) DEFAULT NULL,
  `room_id` int(11) DEFAULT NULL,
  `status_id` int(11) DEFAULT NULL,
  `employee_id` int(11) DEFAULT NULL,
  `contract_datetime` datetime DEFAULT NULL,
  `start_date` date DEFAULT NULL,
  `room_price_before` decimal(18,2) DEFAULT NULL,
  `end_date` date DEFAULT NULL,
  `deposit_price` decimal(18,2) DEFAULT NULL,
  `insurance_price` decimal(18,2) DEFAULT NULL,
  `check_out_date` date DEFAULT NULL,
  `water_meter_init` int(11) DEFAULT NULL,
  `electricity_meter_init` int(11) DEFAULT NULL,
  `stay_status` int(11) DEFAULT NULL
) ENGINE=InnoDB DEFAULT CHARSET=utf8 COLLATE=utf8_unicode_ci;

--
-- Dumping data for table `contract_room`
--

INSERT INTO `contract_room` (`contract_no`, `customer_id`, `room_id`, `status_id`, `employee_id`, `contract_datetime`, `start_date`, `room_price_before`, `end_date`, `deposit_price`, `insurance_price`, `check_out_date`, `water_meter_init`, `electricity_meter_init`, `stay_status`) VALUES
(00001, 1, 1, 2, 1, '2018-01-15 04:10:00', '2018-01-15', '0.00', '2019-01-14', '1000.00', '3000.00', NULL, 40, 120, 11),
(00002, 5, 5, 2, 1, '2018-02-16 04:10:00', '2018-02-16', '0.00', '2019-09-13', '1500.00', '3000.00', '2018-08-14', 30, 144, 13),
(00003, 2, 2, 2, 1, '2018-02-28 04:11:00', '2018-02-28', '0.00', '2019-02-27', '0.00', '3000.00', NULL, 45, 133, 11),
(00004, 3, 3, 2, 1, '2018-03-17 06:24:00', '2018-03-17', '0.00', '2019-03-16', '0.00', '3000.00', NULL, 125, 380, 11),
(00005, 4, 14, 2, 1, '2018-04-23 13:28:00', '2018-04-23', '0.00', '2019-04-22', '0.00', '3000.00', '2019-04-25', 45, 70, 13),
(00006, 6, 11, 2, 1, '2018-06-01 23:43:00', '2018-06-02', '0.00', '2019-06-01', '0.00', '3000.00', '2019-06-09', 147, 333, 13),
(00007, 8, 23, 1, 1, '2018-10-04 02:54:00', '2018-10-04', '2300.00', '2019-10-03', '0.00', '2500.00', '2019-06-09', 45, 102, 11),
(00008, 9, 24, 1, 1, '2018-11-02 20:22:00', '2018-11-02', '2800.00', '2019-11-01', '0.00', '2500.00', NULL, 33, 120, 11),
(00009, 1, 1, 1, 1, '2019-01-14 20:21:00', '2019-01-14', '0.00', '2020-01-13', '0.00', '3000.00', NULL, 132, 1102, 11),
(00010, 7, 14, 1, 1, '2019-01-17 04:22:00', '2019-01-17', '1400.00', '2020-01-16', '0.00', '3000.00', NULL, 102, 633, 11),
(00011, 2, 2, 1, 1, '2019-02-28 04:50:00', '2019-02-28', '0.00', '2020-02-27', '0.00', '3000.00', NULL, 135, 1101, 11),
(00012, 3, 3, 1, 1, '2019-03-17 04:58:00', '2019-03-17', '0.00', '2020-03-16', '0.00', '3000.00', NULL, 201, 1399, 11),
(00013, 10, 4, 1, 1, '2019-06-09 20:14:00', '2019-06-09', '0.00', '2020-06-08', '1000.00', '3000.00', NULL, 222, 222, 10),
(00014, 5, 10, 1, 1, '2019-06-19 23:48:00', '2019-06-19', '0.00', '2019-06-19', '1000.00', '3000.00', NULL, 255, 366, 10),
(00015, 5, 12, 1, 1, '2019-06-19 23:49:00', '2019-06-19', '1200.00', '2020-06-18', '1500.00', '3000.00', NULL, 255, 255, 10);

-- --------------------------------------------------------

--
-- Table structure for table `customer`
--

CREATE TABLE `customer` (
  `customer_id` int(3) UNSIGNED ZEROFILL NOT NULL,
  `first_name` varchar(255) COLLATE utf8_unicode_ci DEFAULT NULL,
  `last_name` varchar(255) COLLATE utf8_unicode_ci DEFAULT NULL,
  `email` varchar(255) COLLATE utf8_unicode_ci DEFAULT NULL,
  `address` text COLLATE utf8_unicode_ci,
  `phone` varchar(255) COLLATE utf8_unicode_ci DEFAULT NULL,
  `picture` varchar(255) COLLATE utf8_unicode_ci DEFAULT NULL,
  `id_card` varchar(255) COLLATE utf8_unicode_ci DEFAULT NULL
) ENGINE=InnoDB DEFAULT CHARSET=utf8 COLLATE=utf8_unicode_ci;

--
-- Dumping data for table `customer`
--

INSERT INTO `customer` (`customer_id`, `first_name`, `last_name`, `email`, `address`, `phone`, `picture`, `id_card`) VALUES
(001, 'ปรีดาวรรณ', 'อาทร', 'preedawan_14@gmail.com', '135 ม.7 ต.กระทุ่มแบน อ.สามพราน จ.สมุทรสาคร', '0814589969', '20190604052528343444.jpg', '1188991459641'),
(002, 'ณชาวรินทร์', 'ชนะมาร', 'chana_narak555@gmail.com', '88/6 ต.ไทรโยค อ.ไทรโยค จ.กาญจนบุรี', '0811477899', '20190604053001206176.jpg', '1258897897889'),
(003, 'ชลิตา', 'สืบบุก', 'chalita2532@gmail.com', '147/32 ต.เบิกไพร อ.บ้างโป่ง จ.ราชบุรี', '0992558899', '20190604053009434326.jpg', '1110066999114'),
(004, 'มีนา', 'สอนดี', 'meena0019@gmail.com', '44/4 ต.คลองน้อย อ.ชัยบุรี จ.สุราษฎร์ธานี', '0817779981', '20190604053133654968.jpg', '1478895995544'),
(005, 'ธนนัฎฐ์', 'พวงศรีทอง', 'thananat1477@hotmail.com', '131/2 แขวงสามเสนใน เขตพญาไท กรุงเทพฯ', '0844741599', '20190604053148174530.jpg', '3730101302777'),
(006, 'ศิริพงษ์', 'คีตะพันธ์สังวรณ์', 'keeta_081447@gmail.com', '55/4 ม.1 ต.แสนสุข จ.ชลบุรี', '0830738891', '20190604053357416137.jpg', '1100900416988'),
(007, 'เรืองวิทย์', 'อินทโพธิ์', 'ruengwitin@hotmail.com', '47/85 ม.2 อ.ทองผาภูมิ จ.กาญจนบุรี', '0602558787', '20190604052752718475.jpg', '3730101001778'),
(008, 'ภัทรสุดา', 'พึ่งเคหา', 'pattarasuda_1996@gmail.com', '47/32 ม.4 อ.แม่ริม จ.เชียงใหม่', '0817489639', '20190604053024343292.jpg', '1100900411478'),
(009, 'ภูริพันธ์', 'พัดชื่น', 'nongoom00377@gmail.com', '41/7 ม. 3 ต.คลองด่าน อ.บางบ่อ จ.สมุทรปราการ', '0812557798', '20190604053310787506.jpg', '3110200488987'),
(010, 'สุขดี', 'อารีผล', 'sukdee220020@gmail.com', '48/3 จ.สิงห์บุรี', '0877846336', '', '1179985412994');

-- --------------------------------------------------------

--
-- Table structure for table `employee`
--

CREATE TABLE `employee` (
  `employee_id` int(11) NOT NULL,
  `first_name` varchar(255) COLLATE utf8_unicode_ci DEFAULT NULL,
  `last_name` varchar(255) COLLATE utf8_unicode_ci DEFAULT NULL,
  `employee_type_id` int(1) DEFAULT NULL,
  `password` varchar(255) COLLATE utf8_unicode_ci DEFAULT NULL,
  `phone` varchar(255) COLLATE utf8_unicode_ci DEFAULT NULL,
  `email` varchar(255) COLLATE utf8_unicode_ci DEFAULT NULL,
  `address` text COLLATE utf8_unicode_ci,
  `picture` varchar(255) COLLATE utf8_unicode_ci DEFAULT NULL
) ENGINE=InnoDB DEFAULT CHARSET=utf8 COLLATE=utf8_unicode_ci;

--
-- Dumping data for table `employee`
--

INSERT INTO `employee` (`employee_id`, `first_name`, `last_name`, `employee_type_id`, `password`, `phone`, `email`, `address`, `picture`) VALUES
(1, 'จันทนา', 'รองาม', 99, '1234', '0869948809', 'chantana2503@gmail.com', 'ที่อยู่ แอดมิน', '20190604052402230316.jpg');

-- --------------------------------------------------------

--
-- Table structure for table `employee_type`
--

CREATE TABLE `employee_type` (
  `employee_type_id` int(1) NOT NULL,
  `employee_type_name` varchar(255) COLLATE utf8_unicode_ci DEFAULT NULL
) ENGINE=InnoDB DEFAULT CHARSET=utf8 COLLATE=utf8_unicode_ci;

--
-- Dumping data for table `employee_type`
--

INSERT INTO `employee_type` (`employee_type_id`, `employee_type_name`) VALUES
(99, 'เจ้าของหอพัก');

-- --------------------------------------------------------

--
-- Table structure for table `payment_room`
--

CREATE TABLE `payment_room` (
  `payment_no` int(11) NOT NULL,
  `contract_no` int(11) DEFAULT NULL,
  `save_date` date DEFAULT NULL,
  `water_miter_unit` decimal(18,2) DEFAULT NULL,
  `electricity_miter_unit` decimal(18,2) DEFAULT NULL,
  `water_meter` int(11) DEFAULT NULL,
  `electricity_meter` int(11) DEFAULT NULL,
  `mulct_price` decimal(18,2) DEFAULT NULL,
  `total_price` decimal(18,2) DEFAULT NULL,
  `payment_date` date DEFAULT NULL,
  `status_id` int(11) DEFAULT NULL,
  `water_price` decimal(18,2) DEFAULT NULL,
  `electricity_price` decimal(18,2) DEFAULT NULL,
  `room_price` decimal(18,2) DEFAULT NULL,
  `room_price_last` decimal(18,2) NOT NULL,
  `water_meter_before` int(11) DEFAULT NULL,
  `electricity_meter_before` int(11) DEFAULT NULL,
  `is_check_out` int(11) DEFAULT NULL
) ENGINE=InnoDB DEFAULT CHARSET=utf8 COLLATE=utf8_unicode_ci;

--
-- Dumping data for table `payment_room`
--

INSERT INTO `payment_room` (`payment_no`, `contract_no`, `save_date`, `water_miter_unit`, `electricity_miter_unit`, `water_meter`, `electricity_meter`, `mulct_price`, `total_price`, `payment_date`, `status_id`, `water_price`, `electricity_price`, `room_price`, `room_price_last`, `water_meter_before`, `electricity_meter_before`, `is_check_out`) VALUES
(1, 1, '2018-02-01', '10.00', '7.00', 46, 152, '0.00', '3284.00', '2018-02-03', 22, '60.00', '224.00', '3000.00', '0.00', 40, 120, 0),
(2, 1, '2018-03-01', '10.00', '7.00', 50, 184, '0.00', '3264.00', '2018-03-04', 22, '40.00', '224.00', '3000.00', '0.00', 46, 152, 0),
(3, 2, '2018-03-01', '10.00', '7.00', 36, 180, '0.00', '3312.00', '2018-03-04', 22, '60.00', '252.00', '3000.00', '0.00', 30, 144, 0),
(4, 3, '2018-03-01', '10.00', '7.00', 50, 176, '100.00', '3451.00', '2018-03-06', 22, '50.00', '301.00', '3000.00', '0.00', 45, 133, 0),
(5, 1, '2018-04-01', '10.00', '7.00', 61, 255, '0.00', '3607.00', '2018-04-05', 22, '110.00', '497.00', '3000.00', '0.00', 50, 184, 0),
(6, 2, '2018-04-01', '10.00', '7.00', 40, 223, '0.00', '3341.00', '2018-04-04', 22, '40.00', '301.00', '3000.00', '0.00', 36, 180, 0),
(7, 3, '2018-04-01', '10.00', '7.00', 60, 233, '0.00', '3499.00', '2018-04-04', 22, '100.00', '399.00', '3000.00', '0.00', 50, 176, 0),
(8, 4, '2018-04-01', '10.00', '7.00', 130, 399, '0.00', '3183.00', '2018-04-04', 22, '50.00', '133.00', '3000.00', '0.00', 125, 380, 0),
(9, 1, '2018-05-01', '10.00', '7.00', 64, 301, '0.00', '3352.00', '2018-05-04', 22, '30.00', '322.00', '3000.00', '0.00', 61, 255, 0),
(10, 2, '2018-05-01', '10.00', '7.00', 43, 274, '0.00', '3387.00', '2018-05-04', 22, '30.00', '357.00', '3000.00', '0.00', 40, 223, 0),
(11, 3, '2018-05-01', '10.00', '7.00', 63, 290, '0.00', '3429.00', '2018-05-04', 22, '30.00', '399.00', '3000.00', '0.00', 60, 233, 0),
(12, 4, '2018-05-01', '10.00', '7.00', 133, 490, '0.00', '3667.00', '2018-05-04', 22, '30.00', '637.00', '3000.00', '0.00', 130, 399, 0),
(13, 5, '2018-05-01', '10.00', '7.00', 50, 138, '0.00', '3526.00', '2018-05-04', 22, '50.00', '476.00', '3000.00', '0.00', 45, 70, 0),
(14, 1, '2018-06-01', '10.00', '7.00', 70, 420, '0.00', '3893.00', '2018-06-04', 22, '60.00', '833.00', '3000.00', '0.00', 64, 301, 0),
(15, 2, '2018-06-01', '10.00', '7.00', 54, 415, '0.00', '4097.00', '2018-06-04', 22, '110.00', '987.00', '3000.00', '0.00', 43, 274, 0),
(16, 3, '2018-06-01', '10.00', '7.00', 68, 358, '0.00', '3526.00', '2018-06-04', 22, '50.00', '476.00', '3000.00', '0.00', 63, 290, 0),
(17, 4, '2018-06-01', '10.00', '7.00', 145, 644, '0.00', '4198.00', '2018-06-04', 22, '120.00', '1078.00', '3000.00', '0.00', 133, 490, 0),
(18, 5, '2018-06-01', '10.00', '7.00', 55, 199, '0.00', '3477.00', '2018-06-04', 22, '50.00', '427.00', '3000.00', '0.00', 50, 138, 0),
(19, 6, '2018-06-01', '10.00', '7.00', 148, 350, '0.00', '3129.00', '2018-06-04', 22, '10.00', '119.00', '3000.00', '0.00', 147, 333, 0),
(20, 1, '2018-07-01', '10.00', '7.00', 78, 551, '0.00', '3997.00', '2018-07-04', 22, '80.00', '917.00', '3000.00', '0.00', 70, 420, 0),
(21, 2, '2018-07-01', '10.00', '7.00', 59, 480, '0.00', '3505.00', '2018-07-04', 22, '50.00', '455.00', '3000.00', '0.00', 54, 415, 0),
(22, 3, '2018-07-01', '10.00', '7.00', 77, 532, '0.00', '4308.00', '2018-07-04', 22, '90.00', '1218.00', '3000.00', '0.00', 68, 358, 0),
(23, 4, '2018-07-01', '10.00', '7.00', 148, 699, '0.00', '3415.00', '2018-07-04', 22, '30.00', '385.00', '3000.00', '0.00', 145, 644, 0),
(24, 5, '2018-07-01', '10.00', '7.00', 66, 233, '0.00', '3348.00', '2018-07-04', 22, '110.00', '238.00', '3000.00', '0.00', 55, 199, 0),
(25, 6, '2018-07-01', '10.00', '7.00', 155, 435, '0.00', '3665.00', '2018-07-04', 22, '70.00', '595.00', '3000.00', '0.00', 148, 350, 0),
(26, 2, '2018-06-04', '10.00', '7.00', 77, 651, '0.00', '3817.00', '2018-06-04', 22, '110.00', '707.00', '3000.00', '0.00', 66, 550, 1),
(27, 1, '2018-08-01', '10.00', '7.00', 88, 655, '0.00', '3828.00', '2018-08-04', 22, '100.00', '728.00', '3000.00', '0.00', 78, 551, 0),
(28, 3, '2018-08-01', '10.00', '7.00', 96, 632, '0.00', '3619.00', '2018-08-04', 22, '80.00', '539.00', '3000.00', '0.00', 88, 555, 0),
(29, 4, '2018-08-01', '10.00', '7.00', 153, 774, '0.00', '3575.00', '2018-08-04', 22, '50.00', '525.00', '3000.00', '0.00', 148, 699, 0),
(30, 5, '2018-08-01', '10.00', '7.00', 69, 269, '0.00', '3282.00', '2018-08-04', 22, '30.00', '252.00', '3000.00', '0.00', 66, 233, 0),
(31, 6, '2018-08-01', '10.00', '7.00', 165, 511, '0.00', '3632.00', '2018-08-04', 22, '100.00', '532.00', '3000.00', '0.00', 155, 435, 0),
(32, 1, '2018-09-01', '10.00', '7.00', 95, 732, '0.00', '3609.00', '2018-09-04', 22, '70.00', '539.00', '3000.00', '0.00', 88, 655, 0),
(33, 3, '2018-09-01', '10.00', '7.00', 101, 698, '100.00', '3612.00', '2018-09-06', 22, '50.00', '462.00', '3000.00', '0.00', 96, 632, 0),
(34, 4, '2018-09-01', '10.00', '7.00', 161, 862, '0.00', '3696.00', '2018-09-04', 22, '80.00', '616.00', '3000.00', '0.00', 153, 774, 0),
(35, 5, '2018-09-01', '10.00', '7.00', 73, 352, '0.00', '3621.00', '2018-09-04', 22, '40.00', '581.00', '3000.00', '0.00', 69, 269, 0),
(36, 6, '2018-09-01', '10.00', '7.00', 169, 602, '0.00', '3677.00', '2018-09-04', 22, '40.00', '637.00', '3000.00', '0.00', 165, 511, 0),
(37, 1, '2018-10-01', '10.00', '7.00', 101, 812, '0.00', '3620.00', '2018-10-04', 22, '60.00', '560.00', '3000.00', '0.00', 95, 732, 0),
(38, 3, '2018-10-01', '10.00', '7.00', 105, 0, '0.00', '3544.00', '2018-10-04', 22, '40.00', '504.00', '3000.00', '0.00', 101, 698, 0),
(39, 4, '2018-10-01', '10.00', '7.00', 169, 933, '0.00', '3577.00', '2018-10-04', 22, '80.00', '497.00', '3000.00', '0.00', 161, 862, 0),
(40, 5, '2018-10-01', '10.00', '7.00', 75, 380, '0.00', '3216.00', '2018-10-04', 22, '20.00', '196.00', '3000.00', '0.00', 73, 352, 0),
(41, 6, '2018-10-01', '10.00', '7.00', 183, 799, '0.00', '4519.00', '2018-10-04', 22, '140.00', '1379.00', '3000.00', '0.00', 169, 602, 0),
(43, 5, '2018-11-01', '10.00', '7.00', 80, 423, '0.00', '3351.00', '2018-11-04', 22, '50.00', '301.00', '3000.00', '0.00', 75, 380, 0),
(44, 1, '2018-11-01', '10.00', '7.00', 111, 950, '0.00', '4066.00', '2018-11-04', 22, '100.00', '966.00', '3000.00', '0.00', 101, 812, 0),
(46, 6, '2018-11-01', '10.00', '7.00', 199, 965, '0.00', '4322.00', '2018-11-04', 22, '160.00', '1162.00', '3000.00', '0.00', 183, 799, 0),
(47, 3, '2018-11-01', '10.00', '7.00', 112, 845, '0.00', '3595.00', '2018-11-04', 22, '70.00', '525.00', '3000.00', '0.00', 105, 770, 0),
(48, 4, '2018-11-01', '10.00', '7.00', 177, 1024, '0.00', '3717.00', '2018-11-04', 22, '80.00', '637.00', '3000.00', '0.00', 169, 933, 0),
(49, 7, '2018-11-01', '10.00', '7.00', 53, 200, '0.00', '2893.00', '2018-11-04', 22, '50.00', '343.00', '2500.00', '0.00', 48, 151, 0),
(50, 8, '2018-12-01', '10.00', '7.00', 40, 199, '0.00', '2782.00', '2018-12-04', 22, '30.00', '252.00', '2500.00', '0.00', 37, 163, 0),
(51, 5, '2018-12-01', '10.00', '7.00', 91, 529, '0.00', '3852.00', '2018-12-04', 22, '110.00', '742.00', '3000.00', '0.00', 80, 423, 0),
(52, 1, '2018-12-01', '10.00', '7.00', 122, 1032, '0.00', '3684.00', '2018-12-04', 22, '110.00', '574.00', '3000.00', '0.00', 111, 950, 0),
(53, 3, '2018-12-01', '10.00', '7.00', 120, 911, '0.00', '3542.00', '2018-12-04', 22, '80.00', '462.00', '3000.00', '0.00', 112, 845, 0),
(54, 4, '2018-12-01', '10.00', '7.00', 183, 1112, '0.00', '3676.00', '2018-12-04', 22, '60.00', '616.00', '3000.00', '0.00', 177, 1024, 0),
(55, 6, '2018-12-01', '10.00', '7.00', 203, 1063, '0.00', '3726.00', '2018-12-04', 22, '40.00', '686.00', '3000.00', '0.00', 199, 965, 0),
(56, 7, '2018-12-01', '10.00', '7.00', 55, 233, '0.00', '2751.00', '2018-12-04', 22, '20.00', '231.00', '2500.00', '0.00', 53, 200, 0),
(57, 1, '2019-01-01', '10.00', '7.00', 132, 1102, '0.00', '3590.00', '2019-01-04', 22, '100.00', '490.00', '3000.00', '0.00', 122, 1032, 0),
(58, 3, '2019-01-01', '10.00', '7.00', 128, 1033, '0.00', '3934.00', '2019-01-04', 22, '80.00', '854.00', '3000.00', '0.00', 120, 911, 0),
(59, 4, '2019-01-01', '10.00', '7.00', 190, 1251, '0.00', '4043.00', '2019-01-04', 22, '70.00', '973.00', '3000.00', '0.00', 183, 1112, 0),
(60, 6, '2019-01-01', '10.00', '7.00', 208, 1122, '0.00', '3463.00', '2019-01-04', 22, '50.00', '413.00', '3000.00', '0.00', 203, 1063, 0),
(61, 7, '2019-01-01', '10.00', '7.00', 60, 274, '0.00', '2837.00', '2019-01-04', 22, '50.00', '287.00', '2500.00', '0.00', 55, 233, 0),
(62, 8, '2019-01-01', '10.00', '7.00', 43, 243, '0.00', '2838.00', '2019-01-04', 22, '30.00', '308.00', '2500.00', '0.00', 40, 199, 0),
(63, 5, '2019-01-06', '10.00', '7.00', 102, 633, '500.00', '4338.00', '2019-01-06', 22, '110.00', '728.00', '3000.00', '0.00', 91, 529, 1),
(64, 3, '2019-02-01', '10.00', '7.00', 135, 1101, '0.00', '3546.00', '2019-02-04', 22, '70.00', '476.00', '3000.00', '0.00', 128, 1033, 0),
(65, 4, '2019-02-01', '10.00', '7.00', 196, 1313, '0.00', '3494.00', '2019-02-04', 22, '60.00', '434.00', '3000.00', '0.00', 190, 1251, 0),
(66, 6, '2019-02-01', '10.00', '7.00', 212, 1198, '0.00', '3572.00', '2019-02-04', 22, '40.00', '532.00', '3000.00', '0.00', 208, 1122, 0),
(67, 7, '2019-02-01', '10.00', '7.00', 63, 303, '0.00', '2733.00', '2019-02-04', 22, '30.00', '203.00', '2500.00', '0.00', 60, 274, 0),
(68, 8, '2019-02-01', '10.00', '7.00', 46, 284, '0.00', '2817.00', '2019-02-04', 22, '30.00', '287.00', '2500.00', '0.00', 43, 243, 0),
(69, 9, '2019-02-01', '10.00', '7.00', 139, 1211, '0.00', '3833.00', '2019-02-04', 22, '70.00', '763.00', '3000.00', '0.00', 132, 1102, 0),
(70, 10, '2019-02-01', '10.00', '7.00', 109, 711, '0.00', '3616.00', '2019-02-04', 22, '70.00', '546.00', '3000.00', '0.00', 102, 633, 0),
(71, 4, '2019-03-01', '10.00', '8.00', 201, 1399, '0.00', '3738.00', '2019-03-04', 22, '50.00', '688.00', '3000.00', '0.00', 196, 1313, 0),
(72, 6, '2019-03-01', '10.00', '8.00', 216, 1260, '0.00', '3536.00', '2019-03-04', 22, '40.00', '496.00', '3000.00', '0.00', 212, 1198, 0),
(73, 7, '2019-03-01', '10.00', '8.00', 68, 334, '0.00', '2798.00', '2019-03-04', 22, '50.00', '248.00', '2500.00', '0.00', 63, 303, 0),
(74, 8, '2019-03-01', '10.00', '8.00', 49, 335, '0.00', '2938.00', '2019-03-04', 22, '30.00', '408.00', '2500.00', '0.00', 46, 284, 0),
(75, 9, '2019-03-01', '10.00', '8.00', 142, 1354, '0.00', '4174.00', '2019-03-04', 22, '30.00', '1144.00', '3000.00', '0.00', 139, 1211, 0),
(76, 10, '2019-03-01', '10.00', '8.00', 118, 864, '0.00', '4314.00', '2019-03-04', 22, '90.00', '1224.00', '3000.00', '0.00', 109, 711, 0),
(77, 11, '2019-03-01', '10.00', '8.00', 146, 1276, '0.00', '4510.00', '2019-03-04', 22, '110.00', '1400.00', '3000.00', '0.00', 135, 1101, 0),
(78, 6, '2019-04-01', '10.00', '8.00', 222, 1310, '0.00', '3460.00', '2019-04-04', 22, '60.00', '400.00', '3000.00', '0.00', 216, 1260, 0),
(79, 7, '2019-04-01', '10.00', '8.00', 73, 394, '0.00', '3030.00', '2019-04-04', 22, '50.00', '480.00', '2500.00', '0.00', 68, 334, 0),
(80, 8, '2019-04-01', '10.00', '8.00', 53, 375, '0.00', '2860.00', '2019-04-04', 22, '40.00', '320.00', '2500.00', '0.00', 49, 335, 0),
(81, 12, '2019-04-01', '10.00', '8.00', 212, 1504, '0.00', '3950.00', '2019-04-04', 22, '110.00', '840.00', '3000.00', '0.00', 201, 1399, 0),
(82, 9, '2019-04-01', '10.00', '8.00', 153, 1542, '0.00', '4614.00', '2019-04-04', 22, '110.00', '1504.00', '3000.00', '0.00', 142, 1354, 0),
(83, 10, '2019-04-01', '10.00', '8.00', 124, 1003, '0.00', '4172.00', '2019-04-04', 22, '60.00', '1112.00', '3000.00', '0.00', 118, 864, 0),
(84, 11, '2019-04-01', '10.00', '8.00', 153, 1441, '0.00', '4390.00', '2019-04-04', 22, '70.00', '1320.00', '3000.00', '0.00', 146, 1276, 0),
(85, 6, '2019-05-01', '10.00', '8.00', 228, 1422, '0.00', '3956.00', '2019-05-03', 22, '60.00', '896.00', '3000.00', '0.00', 222, 1310, 0),
(86, 7, '2019-05-01', '10.00', '8.00', 78, 429, '0.00', '2830.00', '2019-05-03', 22, '50.00', '280.00', '2500.00', '0.00', 73, 394, 0),
(87, 8, '2019-05-01', '10.00', '8.00', 58, 422, '0.00', '2926.00', '2019-05-03', 22, '50.00', '376.00', '2500.00', '0.00', 53, 375, 0),
(88, 9, '2019-05-01', '10.00', '8.00', 158, 1623, '0.00', '3698.00', '2019-05-04', 22, '50.00', '648.00', '3000.00', '0.00', 153, 1542, 0),
(89, 10, '2019-05-01', '10.00', '8.00', 132, 1122, '0.00', '4032.00', '2019-05-02', 22, '80.00', '952.00', '3000.00', '0.00', 124, 1003, 0),
(90, 11, '2019-05-01', '10.00', '8.00', 158, 1532, '0.00', '3778.00', '2019-05-03', 22, '50.00', '728.00', '3000.00', '0.00', 153, 1441, 0),
(91, 12, '2019-05-01', '10.00', '8.00', 223, 1652, '0.00', '4294.00', '2019-05-03', 22, '110.00', '1184.00', '3000.00', '0.00', 212, 1504, 0),
(92, 2, '2018-08-14', '10.00', '8.00', 66, 577, '0.00', '2146.00', '2018-08-14', 22, '70.00', '776.00', '3000.00', '1300.00', 59, 480, 1),
(93, 5, '2019-04-25', '10.00', '8.00', 104, 733, '0.00', '3220.00', '2019-04-25', 22, '20.00', '800.00', '3000.00', '2400.00', 102, 633, 1),
(94, 6, '2019-06-09', '10.00', '8.00', 233, 1444, '0.00', '1982.00', '2019-06-09', 22, '110.00', '1072.00', '3000.00', '800.00', 222, 1310, 1),
(95, 7, '2019-06-01', '10.00', '8.00', 83, 455, NULL, NULL, NULL, 21, '50.00', '208.00', '2500.00', '0.00', 78, 429, 0);

-- --------------------------------------------------------

--
-- Table structure for table `room`
--

CREATE TABLE `room` (
  `room_id` int(11) NOT NULL,
  `room_name` varchar(255) COLLATE utf8_unicode_ci DEFAULT NULL,
  `room_type_id` int(11) DEFAULT NULL,
  `room_price` decimal(18,2) DEFAULT NULL,
  `room_detail` text COLLATE utf8_unicode_ci
) ENGINE=InnoDB DEFAULT CHARSET=utf8 COLLATE=utf8_unicode_ci;

--
-- Dumping data for table `room`
--

INSERT INTO `room` (`room_id`, `room_name`, `room_type_id`, `room_price`, `room_detail`) VALUES
(1, '101', 1, '3000.00', ''),
(2, '102', 1, '3000.00', ''),
(3, '103', 1, '3000.00', ''),
(4, '104', 1, '3000.00', ''),
(5, '201', 1, '3000.00', ''),
(6, '202', 1, '3000.00', ''),
(7, '203', 1, '3000.00', ''),
(8, '204', 1, '3000.00', ''),
(9, '205', 1, '3000.00', ''),
(10, '206', 1, '3000.00', ''),
(11, '207', 1, '3000.00', ''),
(12, '208', 1, '3000.00', ''),
(13, '209', 1, '3000.00', ''),
(14, '301', 1, '3000.00', ''),
(15, '302', 2, '2500.00', ''),
(16, '303', 2, '2500.00', ''),
(17, '304', 2, '2500.00', ''),
(18, '305', 2, '2500.00', ''),
(19, '306', 2, '2500.00', ''),
(20, '307', 2, '2500.00', ''),
(21, '308', 2, '2500.00', ''),
(22, '309', 2, '2500.00', ''),
(23, '401', 2, '2500.00', ''),
(24, '402', 2, '2500.00', ''),
(25, '403', 2, '2500.00', ''),
(26, '404', 2, '2500.00', ''),
(27, '405', 2, '2000.00', 'ไม่มีเตียง ไม่มีตู้ ไม่มีชั้นวางทีวี'),
(28, '406', 2, '2000.00', 'ไม่มีเตียง ไม่มีตู้ ไม่มีชั้นวางทีวี');

-- --------------------------------------------------------

--
-- Table structure for table `room_type`
--

CREATE TABLE `room_type` (
  `room_type_id` int(11) NOT NULL,
  `room_type_name` varchar(255) COLLATE utf8_unicode_ci DEFAULT NULL
) ENGINE=InnoDB DEFAULT CHARSET=utf8 COLLATE=utf8_unicode_ci;

--
-- Dumping data for table `room_type`
--

INSERT INTO `room_type` (`room_type_id`, `room_type_name`) VALUES
(1, 'แอร์'),
(2, 'พัดลม');

-- --------------------------------------------------------

--
-- Table structure for table `service`
--

CREATE TABLE `service` (
  `service_id` int(11) NOT NULL,
  `water_meter_price` varchar(255) COLLATE utf8_unicode_ci DEFAULT NULL,
  `electricity_meter_price` varchar(255) COLLATE utf8_unicode_ci DEFAULT NULL
) ENGINE=InnoDB DEFAULT CHARSET=utf8 COLLATE=utf8_unicode_ci;

--
-- Dumping data for table `service`
--

INSERT INTO `service` (`service_id`, `water_meter_price`, `electricity_meter_price`) VALUES
(1, '10.00', '7.00'),
(2, '10.00', '8.00');

-- --------------------------------------------------------

--
-- Table structure for table `service_log`
--

CREATE TABLE `service_log` (
  `service_log_id` int(11) NOT NULL,
  `service_id` int(11) DEFAULT NULL,
  `datemonth` date DEFAULT NULL
) ENGINE=InnoDB DEFAULT CHARSET=utf8 COLLATE=utf8_unicode_ci;

--
-- Dumping data for table `service_log`
--

INSERT INTO `service_log` (`service_log_id`, `service_id`, `datemonth`) VALUES
(1, 1, '2017-01-01'),
(2, 2, '2019-03-01');

-- --------------------------------------------------------

--
-- Table structure for table `status`
--

CREATE TABLE `status` (
  `status_id` int(11) NOT NULL,
  `status_name` varchar(255) COLLATE utf8_unicode_ci DEFAULT NULL,
  `status_group_id` int(11) DEFAULT NULL
) ENGINE=InnoDB DEFAULT CHARSET=utf8 COLLATE=utf8_unicode_ci;

--
-- Dumping data for table `status`
--

INSERT INTO `status` (`status_id`, `status_name`, `status_group_id`) VALUES
(1, 'ทำสัญญา', 1),
(2, 'ยกเลิกสัญญา', 1),
(10, 'ยังไม่เข้าพัก', 2),
(11, 'เข้าพัก', 2),
(12, 'แจ้งออก', 2),
(13, 'ย้ายออก', 2),
(20, 'บันทึกมิเตอร์', 3),
(21, 'รอชำระเงิน', 3),
(22, 'ชำระเงินแล้ว', 3);

--
-- Indexes for dumped tables
--

--
-- Indexes for table `contract_room`
--
ALTER TABLE `contract_room`
  ADD PRIMARY KEY (`contract_no`);

--
-- Indexes for table `customer`
--
ALTER TABLE `customer`
  ADD PRIMARY KEY (`customer_id`);

--
-- Indexes for table `employee`
--
ALTER TABLE `employee`
  ADD PRIMARY KEY (`employee_id`);

--
-- Indexes for table `employee_type`
--
ALTER TABLE `employee_type`
  ADD PRIMARY KEY (`employee_type_id`);

--
-- Indexes for table `payment_room`
--
ALTER TABLE `payment_room`
  ADD PRIMARY KEY (`payment_no`);

--
-- Indexes for table `room`
--
ALTER TABLE `room`
  ADD PRIMARY KEY (`room_id`);

--
-- Indexes for table `room_type`
--
ALTER TABLE `room_type`
  ADD PRIMARY KEY (`room_type_id`);

--
-- Indexes for table `service`
--
ALTER TABLE `service`
  ADD PRIMARY KEY (`service_id`);

--
-- Indexes for table `service_log`
--
ALTER TABLE `service_log`
  ADD PRIMARY KEY (`service_log_id`);

--
-- Indexes for table `status`
--
ALTER TABLE `status`
  ADD PRIMARY KEY (`status_id`);

--
-- AUTO_INCREMENT for dumped tables
--

--
-- AUTO_INCREMENT for table `contract_room`
--
ALTER TABLE `contract_room`
  MODIFY `contract_no` int(5) UNSIGNED ZEROFILL NOT NULL AUTO_INCREMENT, AUTO_INCREMENT=16;

--
-- AUTO_INCREMENT for table `customer`
--
ALTER TABLE `customer`
  MODIFY `customer_id` int(3) UNSIGNED ZEROFILL NOT NULL AUTO_INCREMENT, AUTO_INCREMENT=11;

--
-- AUTO_INCREMENT for table `employee`
--
ALTER TABLE `employee`
  MODIFY `employee_id` int(11) NOT NULL AUTO_INCREMENT, AUTO_INCREMENT=2;

--
-- AUTO_INCREMENT for table `payment_room`
--
ALTER TABLE `payment_room`
  MODIFY `payment_no` int(11) NOT NULL AUTO_INCREMENT, AUTO_INCREMENT=96;

--
-- AUTO_INCREMENT for table `room`
--
ALTER TABLE `room`
  MODIFY `room_id` int(11) NOT NULL AUTO_INCREMENT, AUTO_INCREMENT=29;

--
-- AUTO_INCREMENT for table `room_type`
--
ALTER TABLE `room_type`
  MODIFY `room_type_id` int(11) NOT NULL AUTO_INCREMENT, AUTO_INCREMENT=3;

--
-- AUTO_INCREMENT for table `service`
--
ALTER TABLE `service`
  MODIFY `service_id` int(11) NOT NULL AUTO_INCREMENT, AUTO_INCREMENT=3;

--
-- AUTO_INCREMENT for table `service_log`
--
ALTER TABLE `service_log`
  MODIFY `service_log_id` int(11) NOT NULL AUTO_INCREMENT, AUTO_INCREMENT=3;
COMMIT;

/*!40101 SET CHARACTER_SET_CLIENT=@OLD_CHARACTER_SET_CLIENT */;
/*!40101 SET CHARACTER_SET_RESULTS=@OLD_CHARACTER_SET_RESULTS */;
/*!40101 SET COLLATION_CONNECTION=@OLD_COLLATION_CONNECTION */;
